raman_shift_cm^-1,intensity_raw,baseline_true,true_glucose_mg_dl
400,0.2099342830602246,0.2,150.0
402,0.196577157187481,0.1993424432109047,150.0
404,0.2116568720130207,0.1987031012510069,150.0
406,0.2285425638779941,0.1980819667498336,150.0
408,0.1927959648669724,0.1974790323614391,150.0
410,0.1922115516253399,0.1968942907643235,150.0
412,0.2279119909714989,0.1963277346613511,150.0
414,0.2111280513627277,0.1957793567796695,150.0
416,0.18585966215193,0.195249149870629,150.0
418,0.2055883075814209,0.1947371067097016,150.0
420,0.1849748662401519,0.1942432200964012,150.0
422,0.1844528877827979,0.1937674828542031,150.0
424,0.1981491332617853,0.1933098878304646,150.0
426,0.1546048230031897,0.1928704278963457,150.0
428,0.1579507392964686,0.1924490959467293,150.0
430,0.1808001343153233,0.1920458849001428,150.0
432,0.1714041652919906,0.1916607876986791,150.0
434,0.1975787439598238,0.1912937973079183,150.0
436,0.1727844252064255,0.1909449067168497,150.0
438,0.1623680349110877,0.1906141089377935,150.0
440,0.2196143723847546,0.1903013970063235,150.0
442,0.1854912379714589,0.1900067639811896,150.0
444,0.1910807670379991,0.1897302029442407,150.0
446,0.1609767432760785,0.1894717070003477,150.0
448,0.1783436147868235,0.1892312692773271,150.0
450,0.191227334720062,0.1890088829258646,150.0
452,0.1657846695709928,0.1888045411194388,150.0
454,0.1961321974211591,0.1886182370542456,150.0
456,0.1764371901507463,0.1884499639491224,150.0
458,0.1824658400496074,0.1882997150454729,150.0
460,0.176133351362604,0.1881674836071919,150.0
462,0.2250988266107693,0.1880532629205906,150.0
464,0.1876871017995631,0.1879570462943217,150.0
466,0.1667246084801876,0.1878788270593056,150.0
468,0.2042694968107195,0.1878185985686557,150.0
470,0.1633594811981843,0.1877763541976047,150.0
472,0.1919293592435266,0.1877520873434315,150.0
474,0.1485523889477915,0.187745791425387,150.0
476,0.161193738906653,0.1877574598846216,150.0
478,0.1917243109014947,0.1877870861841122,150.0
480,0.2026039954084977,0.1878346638085895,150.0
482,0.1913275518882647,0.1879001862644653,150.0
484,0.1856706814319963,0.1879836470797611,150.0
486,0.1820629658922497,0.1880850398040355,150.0
488,0.1586339182009642,0.1882043580083128,150.0
490,0.1739447111171174,0.1883415952850115,150.0
492,0.1792839698286776,0.1884967452478733,150.0
494,0.2098122460562702,0.1886698015318919,150.0
496,0.1957331235846115,0.1888607577932423,150.0
498,0.1538088046019557,0.1890696077092103,150.0
500,0.1957780243660187,0.1892963449781228,150.0
502,0.1818393177109503,0.1895409633192767,150.0
504,0.1762650164667509,0.1898034564728701,150.0
506,0.2023173439767496,0.1900838181999323,150.0
508,0.2110020327321734,0.1903820422822544,150.0
510,0.2093237249046445,0.1906981225223205,150.0
512,0.174247702278786,0.1910320527432387,150.0
514,0.1851995792716481,0.1913838267886724,150.0
516,0.1983787071508433,0.191753438522772,150.0
518,0.2116517843725538,0.1921408818301067,150.0
520,0.1829626658586906,0.1925461506155963,150.0
522,0.1892560592711678,0.1929692388044441,150.0
524,0.1712834408619483,0.1934101403420688,150.0
526,0.169944716712424,0.1938688491940374,150.0
528,0.2105958757938822,0.1943453593459982,150.0
530,0.2219644653750305,0.1948396648036141,150.0
532,0.193911557160889,0.1953517595924957,150.0
534,0.2159522957159756,0.1958816377581351,150.0
536,0.2036620138667925,0.1964292933658399,150.0
538,0.1840923254085643,0.1969947205006668,150.0
540,0.2048058253775246,0.1975779132673563,150.0
542,0.2289395971195865,0.1981788657902671,150.0
544,0.1980810514311116,0.1987975722133106,150.0
546,0.2307268998161664,0.1994340266998863,150.0
548,0.1476933213510213,0.2000882234328162,150.0
550,0.2171982067017854,0.2007601566142809,150.0
552,0.2031907618305184,0.201449820465755,150.0
554,0.1961770622186252,0.2021572092279425,150.0
556,0.2047175326914233,0.2028823171607132,150.0
558,0.1638737602510211,0.203625138543039,150.0
560,0.1999922299161795,0.2043856676729297,150.0
562,0.2123061502976055,0.2051638988673706,150.0
564,0.2355177073570889,0.2059598264622586,150.0
566,0.1964080404468664,0.2067734448123394,150.0
568,0.1914348762332813,0.2076047482911451,150.0
570,0.1984185904192406,0.2084537312909314,150.0
572,0.2276284305766567,0.2093203882226152,150.0
574,0.2167797357089067,0.210204713515713,150.0
576,0.2005114975429376,0.2111067016182784,150.0
578,0.2222916956591078,0.2120263469968407,150.0
580,0.2149051951233044,0.2129636441363435,150.0
582,0.2332914873507411,0.2139185875400833,150.0
584,0.2008501098521013,0.2148911717296483,150.0
586,0.2093281483129025,0.2158813912448579,150.0
588,0.2090470775810583,0.2168892406437015,150.0
590,0.1886444155396362,0.2179147145022786,150.0
592,0.2248802129560297,0.2189578074147382,150.0
594,0.2252396194368165,0.2200185139932187,150.0
596,0.2211990980006376,0.2210968288677884,150.0
598,0.2175010040188822,0.2221927466863852,150.0
600,0.1949988472737495,0.2233062621147578,150.0
602,0.2160244633810989,0.2244373698364061,150.0
604,0.2187317742219865,0.2255860645525219,150.0
606,0.2107067955974983,0.2267523409819307,150.0
608,0.2247104796277121,0.2279361938610322,150.0
610,0.2372186350800334,0.2291376179437426,150.0
612,0.2680803260256463,0.2303566080014357,150.0
614,0.2350847150795219,0.2315931588228851,150.0
616,0.2379982730286614,0.2328472652142061,150.0
618,0.2326300036834751,0.2341189219987985,150.0
620,0.1970326997113075,0.2354081240172883,150.0
622,0.2361845886184865,0.2367148661274709,150.0
624,0.2392437474030745,0.238039143204254,150.0
626,0.288645792389306,0.2393809501396003,150.0
628,0.2368930625468487,0.2407402818424711,150.0
630,0.2481480800854417,0.2421171332387695,150.0
632,0.2428172638771793,0.2435114992712842,150.0
634,0.2215498141472422,0.2449233748996329,150.0
636,0.2692092113905074,0.246352755100207,150.0
638,0.2628382955198506,0.2477996348661151,150.0
640,0.2650846481479887,0.2492640092071278,150.0
642,0.2325581240537274,0.2507458731496221,150.0
644,0.280301107955248,0.2522452217365261,150.0
646,0.2257250287714182,0.2537620500272639,150.0
648,0.2670334949737062,0.2552963530977008,150.0
650,0.3006572385562883,0.2568481260400888,150.0
652,0.2386066374603976,0.2584173639630113,150.0
654,0.2486781073992745,0.2600040619913299,150.0
656,0.263601242567882,0.2616082152661292,150.0
658,0.2531603058623393,0.2632298189446633,150.0
660,0.2338555995789793,0.264868868200302,150.0
662,0.2678966177185974,0.2665253582224768,150.0
664,0.2469532099421061,0.2681992842166282,150.0
666,0.2793624900168553,0.2698906414041517,150.0
668,0.2532109403376688,0.2715994250223449,150.0
670,0.3043243184247054,0.2733256303243546,150.0
672,0.2594041867323998,0.2750692525791245,150.0
674,0.2703890567472282,0.2768302870713417,150.0
676,0.2948790734487785,0.2786087291013852,150.0
678,0.2557872876565941,0.2804045739852732,150.0
680,0.2867670157466938,0.2822178170546112,150.0
682,0.3101913087421887,0.2840484536565402,150.0
684,0.25374681446246,0.2858964791536846,150.0
686,0.2914545660947474,0.2877618889241013,150.0
688,0.2948423342461966,0.2896446783612281,150.0
690,0.3071813003093783,0.2915448428738321,150.0
692,0.2687233636683976,0.2934623778859592,150.0
694,0.2689881465751977,0.2953972788368832,150.0
696,0.3077883724933927,0.2973495411810548,150.0
698,0.3052588538527151,0.2993191603880514,150.0
700,0.3063159889494442,0.3013061319425267,150.0
702,0.3102394155340999,0.3033104513441604,150.0
704,0.2917316196760388,0.3053321141076086,150.0
706,0.3120161897056732,0.3073711157624532,150.0
708,0.3152889013191265,0.3094274518531529,150.0
710,0.2972140895784663,0.3115011179389936,150.0
712,0.350907599816934,0.3135921095940388,150.0
714,0.3251770808253164,0.3157004224070806,150.0
716,0.2939999820375376,0.3178260519815906,150.0
718,0.3331000661083476,0.319968993935671,150.0
720,0.3026356104974599,0.3221292439020063,150.0
722,0.3400484896026634,0.3243067975278143,150.0
724,0.349673562054946,0.3265016504747979,150.0
726,0.3123001520520628,0.328713798419097,150.0
728,0.3502107596361266,0.3309432370512402,150.0
730,0.3414455806148272,0.3331899620760973,150.0
732,0.3518951724127211,0.3354539692128313,150.0
734,0.3756711138479298,0.3377352541948508,150.0
736,0.3351260504497055,0.3400338127697629,150.0
738,0.3272749174121758,0.3423496406993256,150.0
740,0.3268924451668902,0.3446827337594007,150.0
742,0.3307168820405987,0.3470330877399074,150.0
744,0.3478586642564927,0.3494006984447748,150.0
746,0.3586086011882287,0.3517855616918958,150.0
748,0.3597214892996807,0.3541876733130804,150.0
750,0.3731506941347299,0.3566070291540094,150.0
752,0.3593036629117465,0.3590436250741883,150.0
754,0.3905681384900477,0.3614974569469014,150.0
756,0.3586753839944064,0.3639685206591656,150.0
758,0.4208601954434773,0.3664568121116849,150.0
760,0.3814756741741054,0.3689623272188053,150.0
762,0.3543419107801427,0.3714850619084683,150.0
764,0.3526071621609448,0.374025012122167,150.0
766,0.3862316221197636,0.3765821738148999,150.0
768,0.3746872872486095,0.3791565429551266,150.0
770,0.3960281254065644,0.3817481155247225,150.0
772,0.3938216400104058,0.3843568875189349,150.0
774,0.3855262766932002,0.3869828549463376,150.0
776,0.3726901394674194,0.3896260138287875,150.0
778,0.3619894157076621,0.3922863602013794,150.0
780,0.3860335910710624,0.3949638901124028,150.0
782,0.4147865755097668,0.3976585996232973,150.0
784,0.4046523596912137,0.4003704848086097,150.0
786,0.3781847661817095,0.4030995417559493,150.0
788,0.409309385082969,0.4058457665659453,150.0
790,0.4163155029467799,0.4086091553522032,150.0
792,0.3937125555172387,0.4113897042412613,150.0
794,0.4172619114914589,0.4141874093725483,150.0
796,0.4181664412672598,0.4170022668983398,150.0
798,0.3969748670271034,0.4198342729837159,150.0
800,0.429839171013484,0.4226834238065184,150.0
802,0.4367654060846732,0.4255497155573084,150.0
804,0.4500941693028298,0.4284331444393243,150.0
806,0.4524097477091369,0.4313337066684389,150.0
808,0.4066980111139761,0.4342513984731179,150.0
810,0.4184297152960755,0.4371862160943779,150.0
812,0.4504388611299179,0.4401381557857446,150.0
814,0.4533829328314553,0.4431072138132111,150.0
816,0.4563943401813173,0.4460933864551964,150.0
818,0.5261512998155987,0.4490966700025043,150.0
820,0.4635348709721453,0.4521170607582819,150.0
822,0.4778658678415905,0.4551545550379785,150.0
824,0.4772891844391692,0.4582091491693051,150.0
826,0.4743086645183089,0.461280839492193,150.0
828,0.4580642374659466,0.4643696223587535,150.0
830,0.4826548785431027,0.4674754941332374,150.0
832,0.4551419469012428,0.4705984511919943,150.0
834,0.4690021177886325,0.4737384899234327,150.0
836,0.4671883357713974,0.4768956067279795,150.0
838,0.4817072808057669,0.4800697980180404,150.0
840,0.5295542315514301,0.4832610602179599,150.0
842,0.449124085912146,0.486469389763981,150.0
844,0.5034199869116971,0.4896947831042068,150.0
846,0.4606829192747669,0.49293723669856,150.0
848,0.4867581097029551,0.4961967470187437,150.0
850,0.5212523224875503,0.4994733105482029,150.0
852,0.5040525241639938,0.5027669237820845,150.0
854,0.484522687668613,0.5060775832271992,150.0
856,0.4950992112167824,0.5094052854019818,150.0
858,0.5263419818151469,0.5127500268364534,150.0
860,0.5015044714378395,0.5161118040721823,150.0
862,0.5238197854538851,0.5194906136622456,150.0
864,0.5237978889692675,0.5228864521711912,150.0
866,0.513267309222883,0.5262993161749994,150.0
868,0.5726080840475513,0.5297292022610447,150.0
870,0.5458544874744187,0.5331761070280584,150.0
872,0.4961371753529381,0.5366400270860903,150.0
874,0.5438500453518598,0.5401209590564712,150.0
876,0.5303831702764077,0.5436188995717754,150.0
878,0.564182511971708,0.5471338452757835,150.0
880,0.5348153780547903,0.5506657928234443,150.0
882,0.5519200100515009,0.5542147388808389,150.0
884,0.5678804257047517,0.5577806801251426,150.0
886,0.5786787171279906,0.5613636132445882,150.0
888,0.5409576067973141,0.5649635349384297,150.0
890,0.561890417200086,0.568580441916905,150.0
892,0.5627154246779807,0.5722143309011999,150.0
894,0.5627986139719366,0.5758651986234109,150.0
896,0.6148421266321318,0.5795330418265099,150.0
898,0.5913174914835263,0.5832178572643072,150.0
900,0.5617019626147147,0.5869196417014156,150.0
902,0.6089956308543106,0.5906383919132151,150.0
904,0.6368172286260685,0.5943741046858159,150.0
906,0.6187760820270467,0.5981267768160238,150.0
908,0.5715090057922236,0.6018964051113039,150.0
910,0.5959983049324202,0.6056829863897453,150.0
912,0.6348247404637586,0.6094865174800261,150.0
914,0.599153605909002,0.6133069952213777,150.0
916,0.6260208050264744,0.6171444164635498,150.0
918,0.6364914591353622,0.6209987780667755,150.0
920,0.6063314674701747,0.6248700769017363,150.0
922,0.6275678027282918,0.6287583098495279,150.0
924,0.5678381270002426,0.632663473801624,150.0
926,0.616097812833158,0.6365855656598438,150.0
928,0.635473219308453,0.6405245823363163,150.0
930,0.6195248571141488,0.6444805207534459,150.0
932,0.6811016039225116,0.6484533778438789,150.0
934,0.6238403229912565,0.6524431505504691,150.0
936,0.6476489460923041,0.6564498358262437,150.0
938,0.6630882421800914,0.6604734306343696,150.0
940,0.6933393977294421,0.6645139319481198,150.0
942,0.6398540937272504,0.6685713367508392,150.0
944,0.6959089170790111,0.6726456420359119,150.0
946,0.676941506027119,0.6767368448067272,150.0
948,0.6612147690556872,0.6808449420766463,150.0
950,0.6942120003542348,0.6849699308689694,150.0
952,0.6930930021283722,0.6891118082169028,150.0
954,0.6812662336203493,0.6932705711635252,150.0
956,0.698842258461556,0.6974462167617557,150.0
958,0.693932470137085,0.7016387420743202,150.0
960,0.7081184910787446,0.7058481441737197,150.0
962,0.7233170336326176,0.7100744201421967,150.0
964,0.7460379033946113,0.7143175670717042,150.0
966,0.6938212720873347,0.7185775820638717,150.0
968,0.7655151297230997,0.7228544622299743,150.0
970,0.6881064487004501,0.7271482046909001,150.0
972,0.7284231046764067,0.7314588065771184,150.0
974,0.7475526091583388,0.7357862650286472,150.0
976,0.745750414549723,0.7401305771950224,150.0
978,0.7320377498388534,0.7444917402352653,150.0
980,0.7447073063107063,0.7488697513178517,150.0
982,0.743404588927503,0.7532646076206797,150.0
984,0.7458890111921549,0.7576763063310391,150.0
986,0.7790968865860001,0.7621048446455796,150.0
988,0.7736905294895808,0.7665502197702799,150.0
990,0.7571542370152033,0.7710124289204164,150.0
992,0.793483466829198,0.775491469320533,150.0
994,0.7861333286219413,0.7799873382044091,150.0
996,0.800757275191809,0.7845000328150298,150.0
998,0.8016221272430272,0.7890295504045549,150.0
1000,0.776995988015847,0.7935758882342885,150.0
1002,0.7869354227707088,0.7981390435746483,150.0
1004,0.8176648858076007,0.8027190137051354,150.0
1006,0.819523201222974,0.8073157959143047,150.0
1008,0.8115113556204505,0.8119293874997334,150.0
1010,0.8189063334341681,0.8165597857679925,150.0
1012,0.8467602859503842,0.8212069880346157,150.0
1014,0.8140395638473534,0.8258709916240701,150.0
1016,0.8414937414931271,0.8305517938697263,150.0
1018,0.8312055390651516,0.8352493921138294,150.0
1020,0.8356101596429238,0.8399637837074683,150.0
1022,0.866670503050291,0.8446949660105473,150.0
1024,0.8659512633715166,0.849442936391756,150.0
1026,0.8704778849485536,0.8542076922285409,150.0
1028,0.8850988070501618,0.8589892309070751,150.0
1030,0.8642076266548863,0.863787549822231,150.0
1032,0.8822417058034486,0.8686026463775494,150.0
1034,0.8672291828533426,0.8734345179852118,150.0
1036,0.8847664891157803,0.8782831620660114,150.0
1038,0.8805457149619711,0.8831485760493247,150.0
1040,0.8899706766729367,0.8880307573730823,150.0
1042,0.9048328439924797,0.8929297034837412,150.0
1044,0.8814809981715863,0.8978454118362558,150.0
1046,0.9446256254077589,0.9027778798940496,150.0
1048,0.8876067574989938,0.9077271051289878,150.0
1050,0.8884093127655938,0.9126930850213484,150.0
1052,0.940838034529796,0.9176758170597946,150.0
1054,0.938508552620606,0.9226752987413468,150.0
1056,0.940173923912402,0.9276915275713544,150.0
1058,0.9452914112487848,0.9327245010634688,150.0
1060,0.937529281282868,0.937774216739616,150.0
1062,0.9248955847013732,0.942840672129967,150.0
1064,0.9494399559430536,0.9479238647729136,150.0
1066,0.939480558017874,0.953023792215038,150.0
1068,0.9776428468446536,0.9581404520110868,150.0
1070,0.9603326948745428,0.9632738417239456,150.0
1072,0.951914018478352,0.968423958924608,150.0
1074,0.9671630991166013,0.9735908011921518,150.0
1076,0.9870330542417702,0.9787743661137116,150.0
1078,0.9727003837044336,0.9839746512844506,150.0
1080,0.9727480466189,0.9891916543075352,150.0
1082,0.999301827868627,0.9944253727941078,150.0
1084,1.004583823635686,0.9996758043632608,150.0
1086,0.9948304242364222,1.004942946642009,150.0
1088,1.0008815872415668,1.0102267972652648,150.0
1090,1.0203733833337665,1.0155273538758105,150.0
1092,0.992409286577126,1.020844614124273,150.0
1094,0.9993076790263976,1.0261785756690975,150.0
1096,1.0200976685108318,1.031529236176521,150.0
1098,1.0390125769118927,1.036896593320547,150.0
1100,1.0616291054336746,1.0422806447829196,150.0
1102,1.1027336312475953,1.0476813882530969,150.0
1104,1.1172690025749414,1.053098821428227,150.0
1106,1.137202441874646,1.0585329420131204,150.0
1108,1.1984656547618793,1.063983747720226,150.0
1110,1.2595746465938773,1.0694512362696056,150.0
1112,1.3844365814129036,1.0749354053889069,150.0
1114,1.506876285528247,1.0804362528133409,150.0
1116,1.6627410602096642,1.085953776285654,150.0
1118,1.7869314902438669,1.0914879735561054,150.0
1120,1.948299916140961,1.0970388423824404,150.0
1122,2.072774949697596,1.102606380529866,150.0
1124,2.0991068261131987,1.1081905857710264,150.0
1126,2.114917133639266,1.1137914558859774,150.0
1128,2.072725659404064,1.1194089886621632,150.0
1130,1.9578929159303708,1.1250431818943898,150.0
1132,1.8471640185798188,1.1306940333848028,150.0
1134,1.7069463016757451,1.136361540942861,150.0
1136,1.5762124298495976,1.1420457023853123,150.0
1138,1.442157758602907,1.147746515536172,150.0
1140,1.3641281793289008,1.1534639782266942,150.0
1142,1.3040202853199676,1.1591980882953516,150.0
1144,1.2758399862045051,1.16494884358781,150.0
1146,1.236918647161282,1.1707162419569035,150.0
1148,1.2451090490683512,1.1765002812626126,150.0
1150,1.1800843174530715,1.182300959372038,150.0
1152,1.2119496135193757,1.1881182741593794,150.0
1154,1.2005563803800368,1.19395222350591,150.0
1156,1.2448772428091386,1.199802805299954,150.0
1158,1.1900304110125592,1.2056700174368629,150.0
1160,1.1949644516861797,1.2115538578189915,150.0
1162,1.205542027535464,1.217454324355676,150.0
1164,1.1809198415788482,1.223371414963209,150.0
1166,1.2187987149814523,1.2293051275648168,150.0
1168,1.220075517704246,1.235255460090639,150.0
1170,1.244231086429918,1.2412224104777003,150.0
1172,1.2540413196614988,1.247205976669893,150.0
1174,1.2907296324448143,1.2532061566179504,150.0
1176,1.2782314398006556,1.2592229482794253,150.0
1178,1.2537182799950144,1.265256349618668,150.0
1180,1.2533380659604751,1.2713063586068023,150.0
1182,1.287211356817046,1.2773729732217045,150.0
1184,1.2570515273406444,1.2834561914479787,150.0
1186,1.32618518660029,1.2895560112769373,150.0
1188,1.319261233122125,1.2956724307065763,150.0
1190,1.2924219346996506,1.3018054477415544,150.0
1192,1.273692369811383,1.30795506039317,150.0
1194,1.3411987141626525,1.3141212666793396,150.0
1196,1.318013267719524,1.3203040646245756,150.0
1198,1.3512597784994338,1.3265034522599646,150.0
1200,1.300830874447258,1.332719427623145,150.0
1202,1.3269644882992109,1.3389519887582864,150.0
1204,1.3453060077104289,1.3452011337160652,150.0
1206,1.3524064724289413,1.3514668605536464,150.0
1208,1.348747857905075,1.3577491673346596,150.0
1210,1.3765050507761285,1.3640480521291782,150.0
1212,1.3490111044260464,1.3703635130136984,150.0
1214,1.3738479583706913,1.3766955480711172,150.0
1216,1.385450068024949,1.3830441553907111,150.0
1218,1.3996981097492902,1.3894093330681152,150.0
1220,1.4100233767670796,1.395791079205302,150.0
1222,1.3796965500738023,1.40218939191056,150.0
1224,1.3779219858837608,1.4086042692984733,150.0
1226,1.4405892459278702,1.4150357094899,150.0
1228,1.4281299908515432,1.4214837106119511,150.0
1230,1.4129785400668404,1.4279482707979716,150.0
1232,1.465452427697967,1.4344293881875163,150.0
1234,1.4432405536121908,1.4409270609263336,150.0
1236,1.4710272308476164,1.44744128716634,150.0
1238,1.4553224346938056,1.4539720650656034,150.0
1240,1.501734351285961,1.460519392788321,150.0
1242,1.5021900853536636,1.4670832685047994,150.0
1244,1.4686844074218524,1.4736636903914335,150.0
1246,1.4996920756497747,1.4802606566306875,150.0
1248,1.4997816844027756,1.4868741654110726,150.0
1250,1.5208768460777766,1.4935042149271296,150.0
1252,1.4808523341678053,1.500150803379407,150.0
1254,1.5205349581744108,1.506813928974442,150.0
1256,1.5346620796617303,1.5134935899247386,150.0
1258,1.4850149947202886,1.5201897844487509,150.0
1260,1.5032373405175448,1.5269025107708605,150.0
1262,1.4928471235661562,1.5336317671213582,150.0
1264,1.534989415047533,1.5403775517364242,150.0
1266,1.5614907079740277,1.5471398628581083,150.0
1268,1.5839658397762306,1.55391869873431,150.0
1270,1.5621959532271563,1.5607140576187597,150.0
1272,1.6000982486824338,1.5675259377709985,150.0
1274,1.5467523082921244,1.5743543374563609,150.0
1276,1.547131606159221,1.5811992549459517,150.0
1278,1.5869497345408357,1.5880606885166313,150.0
1280,1.602619945441376,1.5949386364509923,150.0
1282,1.6011792021350142,1.6018330970373449,150.0
1284,1.5673952268581937,1.6087440685696923,150.0
1286,1.6138891498870398,1.6156715493477185,150.0
1288,1.596526153447556,1.6226155376767624,150.0
1290,1.6429695066231988,1.6295760318678043,150.0
1292,1.6438850876928404,1.6365530302374456,150.0
1294,1.6247492760417657,1.6435465311078876,150.0
1296,1.6402803809349225,1.650556532806917,150.0
1298,1.6364026726221774,1.657583033667884,150.0
1300,1.663384636440727,1.664626032029686,150.0
1302,1.690824310526385,1.6716855262367472,150.0
1304,1.6591472576921722,1.678761514639002,150.0
1306,1.6961995633801763,1.6858539955918757,150.0
1308,1.6830186175895818,1.6929629674562658,150.0
1310,1.6857919828196473,1.7000884285985252,150.0
1312,1.7085783936280756,1.707230377390443,150.0
1314,1.7010598854839425,1.714388812209226,150.0
1316,1.725244147734908,1.721563731437482,150.0
1318,1.7327154349211775,1.7287551334632012,150.0
1320,1.82523633493911,1.7359630166797375,150.0
1322,1.828538121371012,1.7431873794857926,150.0
1324,1.8720573543398111,1.7504282202853956,150.0
1326,1.9675452076726785,1.7576855374878873,150.0
1328,2.057521632502932,1.7649593295079014,150.0
1330,2.167787827243428,1.7722495947653487,150.0
1332,2.3051752171009494,1.7795563316853964,150.0
1334,2.425337583212492,1.7868795386984535,150.0
1336,2.499617110798153,1.794219214240153,150.0
1338,2.568179652358973,1.8015753567513315,150.0
1340,2.603446930734983,1.808947964678016,150.0
1342,2.5484192735972275,1.816337036471404,150.0
1344,2.509446668854088,1.823742570587848,150.0
1346,2.4818099411508183,1.831164565488836,150.0
1348,2.384837925325687,1.8386030196409768,150.0
1350,2.2410348351935983,1.8460579315159815,150.0
1352,2.159869302840611,1.8535292995906485,150.0
1354,2.0728221974078203,1.8610171223468424,150.0
1356,2.0657226586548547,1.8685213982714823,150.0
1358,1.983079094930997,1.8760421258565207,150.0
1360,1.9309997673703605,1.883579303598931,150.0
1362,1.8999399804984296,1.891132930000685,150.0
1364,1.88132747956796,1.898703003568742,150.0
1366,1.917734715255477,1.906289522815029,150.0
1368,1.9022540947874629,1.913892486256425,150.0
1370,1.8946278290891607,1.9215118924147447,150.0
1372,1.9168770846326373,1.929147739816723,150.0
1374,1.9154337043996503,1.936800026993995,150.0
1376,1.978311849164416,1.9444687524830837,150.0
1378,1.969822647843984,1.952153914825382,150.0
1380,1.9597082460973088,1.959855512567137,150.0
1382,1.9971763364293065,1.9675735442594335,150.0
1384,1.9768565610858704,1.9753080084581784,150.0
1386,1.9658335603579429,1.9830589037240829,150.0
1388,2.0212888027014992,1.990826228622648,150.0
1390,2.0093882063766384,1.9986099817241507,150.0
1392,1.985665244297992,2.006410161603623,150.0
1394,2.010419994608792,2.0142267668408405,150.0
1396,2.004547431242187,2.022059796020304,150.0
1398,2.0022532531730928,2.0299092477312257,150.0
1400,2.0562986715384404,2.0377751205675123,150.0
1402,2.083845745983952,2.045657413127749,150.0
1404,2.02558477275615,2.053556124015186,150.0
1406,2.072730637568776,2.06147125183772,150.0
1408,2.056389948161123,2.069402795207881,150.0
1410,2.067608262901621,2.0773507527428183,150.0
1412,2.0734673139795943,2.0853151230642784,150.0
1414,2.0760163449003204,2.0932959047985977,150.0
1416,2.102264418991634,2.101293096576684,150.0
1418,2.092690626749832,2.109306697033998,150.0
1420,2.122754981093522,2.1173367048105467,150.0
1422,2.124405309771585,2.125383118550858,150.0
1424,2.128742173951554,2.1334459369039718,150.0
1426,2.1235723633910504,2.1415251585234243,150.0
1428,2.13858095733144,2.149620782067233,150.0
1430,2.174011388864172,2.15773280619788,150.0
1432,2.178496040912329,2.1658612295822985,150.0
1434,2.159986885788216,2.174006050891859,150.0
1436,2.1952189667142137,2.182167268802352,150.0
1438,2.226311018943726,2.1903448819939757,150.0
1440,2.2026348952296755,2.19853888915132,150.0
1442,2.281100595945288,2.2067492889633504,150.0
1444,2.303441338105183,2.2149760801233995,150.0
1446,2.3888162886785875,2.223219261329144,150.0
1448,2.437320296143381,2.2314788312825966,150.0
1450,2.503625365028357,2.2397547886900893,150.0
1452,2.600497947065608,2.2480471322622577,150.0
1454,2.7247984773820764,2.25635586071403,150.0
1456,2.806881362431698,2.26468097276461,150.0
1458,2.8385266299507768,2.273022467137464,150.0
1460,2.8941521917358526,2.281380342560305,150.0
1462,2.840114691835104,2.2897545977650817,150.0
1464,2.833829575147674,2.298145231487962,150.0
1466,2.749812836208889,2.3065522424693192,150.0
1468,2.686940570858689,2.314975629453719,150.0
1470,2.6243315829677907,2.3234153911899043,150.0
1472,2.535769907116737,2.331871526430781,150.0
1474,2.486837977026392,2.340344033933408,150.0
1476,2.470676501803967,2.348832912458977,150.0
1478,2.409284426516681,2.3573381607728057,150.0
1480,2.420057731586403,2.365859777644317,150.0
1482,2.372742019236194,2.3743977618470318,150.0
1484,2.4046132475201323,2.382952112158549,150.0
1486,2.4258861395660265,2.3915228273605407,150.0
1488,2.3532934838137254,2.400109906238728,150.0
1490,2.393946200623243,2.408713347582876,150.0
1492,2.4293701946059607,2.417333150186776,150.0
1494,2.422106883235832,2.425969312848234,150.0
1496,2.442119949821392,2.434621834369055,150.0
1498,2.431237963230428,2.4432907135550344,150.0
1500,2.453716884732775,2.4519759492159388,150.0
1502,2.4575669275017096,2.460677540165497,150.0
1504,2.492752016310635,2.469395485221384,150.0
1506,2.483218455566555,2.478129783205212,150.0
1508,2.4936325555841097,2.4868804329425123,150.0
1510,2.4874099117743715,2.4956474332627256,150.0
1512,2.494678662853405,2.504430782999187,150.0
1514,2.504579318229907,2.513230480989116,150.0
1516,2.5299355691381398,2.5220465260736,150.0
1518,2.5224592275258404,2.530878917097582,150.0
1520,2.545523150056477,2.5397276529098507,150.0
1522,2.590100748337537,2.548592732363026,150.0
1524,2.574896648382458,2.5574741543135446,150.0
1526,2.5598514469783398,2.56637191762165,150.0
1528,2.599310299594663,2.575286021151377,150.0
1530,2.576054956310111,2.584216463770541,150.0
1532,2.5524007536471705,2.5931632443507278,150.0
1534,2.581964635548926,2.602126361767274,150.0
1536,2.573689976478745,2.611105814899262,150.0
1538,2.613071332948677,2.620101602629503,150.0
1540,2.6294820914283177,2.629113723844527,150.0
1542,2.671670923680073,2.638142177434568,150.0
1544,2.6537255097688366,2.6471869622935533,150.0
1546,2.651866066742915,2.656248077319092,150.0
1548,2.681913633036132,2.665325521412462,150.0
1550,2.6301965872984376,2.6744192934785955,150.0
1552,2.688241683588241,2.68352939242607,150.0
1554,2.7080731210448343,2.692655817167095,150.0
1556,2.6722268417019044,2.701798566617501,150.0
1558,2.7338327205608635,2.710957639696725,150.0
1560,2.726902963477688,2.720133035327799,150.0
1562,2.721018994159325,2.7293247524373414,150.0
1564,2.751188427277666,2.7385327899555403,150.0
1566,2.793171003972234,2.7477571468161464,150.0
1568,2.7606351470576254,2.7569978219564555,150.0
1570,2.7712192260433097,2.766254814317303,150.0
1572,2.766340904852241,2.775528122843046,150.0
1574,2.767820859092261,2.784817746481557,150.0
1576,2.810730400515093,2.7941236841842088,150.0
1578,2.7863242583876864,2.803445934905864,150.0
1580,2.814215822349249,2.812784497604861,150.0
1582,2.812586222307708,2.82213937124301,150.0
1584,2.8410901513004982,2.8315105547855706,150.0
1586,2.8475712893069867,2.8408980472012475,150.0
1588,2.8710526463473367,2.850301847462178,150.0
1590,2.8495216265668257,2.8597219545439208,150.0
1592,2.8637608687195737,2.8691583674254413,150.0
1594,2.859035810773458,2.8786110850891045,150.0
1596,2.879194241319139,2.888080106520661,150.0
1598,2.905111440570134,2.897565430709237,150.0
1600,2.922206828980229,2.9070670566473225,150.0
1602,2.898141676847208,2.91658498333076,150.0
1604,2.943511328160848,2.9261192097587347,150.0
1606,2.96278249210986,2.935669734933761,150.0
1608,2.953505255926147,2.9452365578616733,150.0
1610,2.992355593802776,2.9548196775516145,150.0
1612,2.948943309033953,2.964419093016025,150.0
1614,2.949141709204401,2.9740348032706296,150.0
1616,2.9480924023563464,2.983666807334432,150.0
1618,3.0232359904594817,2.993315104229698,150.0
1620,3.01606700610903,3.002979692981949,150.0
1622,3.0115488792017366,3.0126605726199456,150.0
1624,3.0279571147020814,3.022357742175685,150.0
1626,3.0095614197384157,3.032071200684382,150.0
1628,3.0907159867768024,3.041800947184466,150.0
1630,3.054131404357065,3.0515469807175606,150.0
1632,3.063497196220582,3.061309300328484,150.0
1634,3.085603237543205,3.071087905065231,150.0
1636,3.0905029786136984,3.0808827939789643,150.0
1638,3.095171646609586,3.090693966124004,150.0
1640,3.08471193144891,3.100521420557816,150.0
1642,3.119794523483728,3.1103651563410075,150.0
1644,3.1578656624668078,3.1202251725373067,150.0
1646,3.157009869136659,3.1301014682135597,150.0
1648,3.171857774972504,3.1399940424397164,150.0
1650,3.139678580760201,3.1499028942888248,150.0
1652,3.140035926431843,3.1598280228370146,150.0
1654,3.1672536887614977,3.169769427163491,150.0
1656,3.180841604596297,3.179727106350524,150.0
1658,3.211584889852855,3.1897010594834363,150.0
1660,3.1658419930563,3.199691285650596,150.0
1662,3.2402887903326163,3.209697783943404,150.0
1664,3.2165603954847053,3.219720553456285,150.0
1666,3.2212219718877275,3.229759593286676,150.0
1668,3.2195728150298173,3.2398149025350205,150.0
1670,3.216789346867437,3.2498864803047525,150.0
1672,3.276437737381529,3.259974325702291,150.0
1674,3.2715447971807974,3.270078437837029,150.0
1676,3.254399597826501,3.2801988158213224,150.0
1678,3.2644338833292097,3.290335458770482,150.0
1680,3.293772671816958,3.3004883658027606,150.0
1682,3.344037966545135,3.3106575360393475,150.0
1684,3.315651141577084,3.320842968604356,150.0
1686,3.30098180356245,3.331044662624812,150.0
1688,3.3363477559489323,3.341262617230651,150.0
1690,3.3460423601597458,3.3514968315547,150.0
1692,3.30780957187384,3.361747304732671,150.0
1694,3.3709281385728005,3.3720140359031565,150.0
1696,3.377678333603439,3.3822970242076127,150.0
1698,3.406520396086621,3.3925962687903524,150.0
1700,3.4398908906974444,3.4029117687985373,150.0
1702,3.435774823973122,3.413243523382167,150.0
1704,3.4182137578829725,3.4235915316940693,150.0
1706,3.4118252747150577,3.433955792889891,150.0
1708,3.495803502193087,3.44433630612809,150.0
1710,3.455917439250212,3.4547330705699224,150.0
1712,3.4654246712176966,3.4651460853794376,150.0
1714,3.4750928479812657,3.475575349723466,150.0
1716,3.4899825579869668,3.4860208627716096,150.0
1718,3.493595415457758,3.4964826236962367,150.0
1720,3.495487391534862,3.506960631672466,150.0
1722,3.5065177070533573,3.5174548858781653,150.0
1724,3.5273103200896143,3.527965385493934,150.0
1726,3.527623634280427,3.5384921297031022,150.0
1728,3.534778202038171,3.549035117691714,150.0
1730,3.561722953202364,3.559594348648526,150.0
1732,3.5650702774165746,3.5701698217649915,150.0
1734,3.610841396006909,3.580761536235255,150.0
1736,3.538350095088284,3.5913694912561445,150.0
1738,3.623823823065608,3.601993686027159,150.0
1740,3.6375558236004135,3.612634119750461,150.0
1742,3.5818229869827074,3.6232907916308714,150.0
1744,3.627109948994243,3.6339637008758494,150.0
1746,3.637224029375588,3.644652846695504,150.0
1748,3.627207994408205,3.655358228302561,150.0
1750,3.6505235111605554,3.666079844912373,150.0
1752,3.654606178833584,3.676817695742901,150.0
1754,3.72261718888318,3.687571780014708,150.0
1756,3.717055664813902,3.698342096950953,150.0
1758,3.734559747677262,3.709128645777379,150.0
1760,3.73436486700317,3.719931425722305,150.0
1762,3.708169400592275,3.73075043601662,150.0
1764,3.731095270568174,3.7415856758937696,150.0
1766,3.7622246358143103,3.752437144589752,150.0
1768,3.738862285165269,3.7633048413431074,150.0
1770,3.7884487339983584,3.774188765394911,150.0
1772,3.780282408025599,3.785088915988761,150.0
1774,3.788508876219785,3.796005292370777,150.0
1776,3.821157093153652,3.806937893789582,150.0
1778,3.8267719857260247,3.817886719496304,150.0
1780,3.821632445428179,3.8288517687445607,150.0
1782,3.863019636857739,3.839833040790454,150.0
1784,3.829209268340564,3.8508305348925616,150.0
1786,3.8741629624508143,3.861844250311929,150.0
1788,3.884736211471427,3.872874186312059,150.0
1790,3.877729413372628,3.883920342158908,150.0
1792,3.9015053775657145,3.894982717120872,150.0
1794,3.881039038941079,3.9060613104687847,150.0
1796,3.9356366618600416,3.917156121475904,150.0
1798,3.924569106689046,3.928267149417906,150.0
1800,3.9289399331625,3.939394393572881,150.0
